surface,area_m2
North facade,250.43319999997243
South facade,277.1499999998491
East facade,266.8643999999941
West facade,222.869999999997
Roof,318.53226799982156
